Product ID,Brand,Product Name,Parent Company,Category,Product URL,Country/Region,Active Ingredients,Full Ingredients,Fluoride,Fluoride Compound,Fluoride ppm,Whitening,Sensitive Teeth,Anti-Cavity,Gum Care,Tartar Control,Plaque Removal,Fresh Breath,Enamel Repair,Kids,Charcoal,Herbal,Vegan,Cruelty-Free,SLS-Free,ADA Accepted,Weight,Packaging,Price (optional),Last Updated,Source
COL001,Colgate,Total Clean Mint,Colgate-Palmolive,Toothpaste,https://www.colgate.com/en-us/products/toothpaste,USA,Stannous Fluoride,,Yes,Stannous Fluoride,,No,Yes,Yes,Yes,Yes,Yes,Yes,Yes,No,No,No,No,No,No,,,Tube,,2026-07-17,Official Website (brand-level; verify exact product URL/ingredients per SKU)
COL002,Colgate,Total Active Prevention Whitening Gel,Colgate-Palmolive,Toothpaste,https://www.colgate.com/en-us/products/toothpaste,USA,Sodium Fluoride,,Yes,Sodium Fluoride,,Yes,No,Yes,Yes,Yes,Yes,Yes,No,No,No,No,No,No,No,,,Tube,,2026-07-17,Official Website (brand-level; verify exact product URL/ingredients per SKU)
COL003,Colgate,Total Active Prevention Sensitivity Mineral Shield,Colgate-Palmolive,Toothpaste,https://www.colgate.com/en-us/products/toothpaste,USA,Stannous Fluoride,,Yes,Stannous Fluoride,,No,Yes,Yes,Yes,Yes,Yes,Yes,No,No,No,No,No,No,No,,,Tube,,2026-07-17,Official Website (brand-level; verify exact product URL/ingredients per SKU)
COL004,Colgate,Total Plaque Pro Release Whitening Gel,Colgate-Palmolive,Toothpaste,https://www.colgate.com/en-us/products/toothpaste,USA,Stannous Fluoride,,Yes,Stannous Fluoride,,Yes,No,Yes,Yes,Yes,Yes,Yes,No,No,No,No,No,No,No,,,Tube,,2026-07-17,Official Website (brand-level; verify exact product URL/ingredients per SKU)
COL005,Colgate,Optic White Advanced,Colgate-Palmolive,Toothpaste,https://www.colgate.com/en-us/products/toothpaste,USA,Sodium Fluoride,,Yes,Sodium Fluoride,,Yes,No,Yes,No,No,Yes,Yes,No,No,No,No,No,No,No,,,Tube,,2026-07-17,Official Website (brand-level; verify exact product URL/ingredients per SKU)
COL006,Colgate,Optic White Renewal,Colgate-Palmolive,Toothpaste,https://www.colgate.com/en-us/products/toothpaste,USA,Sodium Fluoride,,Yes,Sodium Fluoride,,Yes,No,Yes,No,No,Yes,Yes,No,No,No,No,No,No,No,,,Tube,,2026-07-17,Official Website (brand-level; verify exact product URL/ingredients per SKU)
COL007,Colgate,Max Fresh Cool Mint,Colgate-Palmolive,Toothpaste,https://www.colgate.com/en-us/products/toothpaste,USA,Sodium Fluoride,,Yes,Sodium Fluoride,,No,No,Yes,No,No,Yes,Yes,No,No,No,No,No,No,No,,,Tube,,2026-07-17,Official Website (brand-level; verify exact product URL/ingredients per SKU)
COL008,Colgate,Cavity Protection Great Regular Flavor,Colgate-Palmolive,Toothpaste,https://www.colgate.com/en-us/products/toothpaste,USA,Sodium Fluoride,,Yes,Sodium Fluoride,,No,No,Yes,No,No,No,Yes,No,No,No,No,No,No,No,,,Tube,,2026-07-17,Official Website (brand-level; verify exact product URL/ingredients per SKU)
COL009,Colgate,Sensitive Enamel Health,Colgate-Palmolive,Toothpaste,https://www.colgate.com/en-us/products/toothpaste,USA,Sodium Fluoride,,Yes,Sodium Fluoride,,No,Yes,Yes,No,No,No,Yes,Yes,No,No,No,No,No,No,,,Tube,,2026-07-17,Official Website (brand-level; verify exact product URL/ingredients per SKU)
COL010,Colgate,Baking Soda and Peroxide Whitening,Colgate-Palmolive,Toothpaste,https://www.colgate.com/en-us/products/toothpaste,USA,Sodium Fluoride,,Yes,Sodium Fluoride,,Yes,No,Yes,No,No,Yes,Yes,No,No,No,No,No,No,No,,,Tube,,2026-07-17,Official Website (brand-level; verify exact product URL/ingredients per SKU)
COL011,Colgate,Kids Cavity Protection Strawberry Burst,Colgate-Palmolive,Toothpaste,https://www.colgate.com/en-us/products/toothpaste,USA,Sodium Fluoride,,Yes,Sodium Fluoride,,No,No,Yes,No,No,No,Yes,No,Yes,No,No,No,No,No,,,Tube,,2026-07-17,Official Website (brand-level; verify exact product URL/ingredients per SKU)
COL012,Colgate,Kids Unicorn Academy,Colgate-Palmolive,Toothpaste,https://www.colgate.com/en-us/products/toothpaste,USA,Sodium Fluoride,,Yes,Sodium Fluoride,,No,No,Yes,No,No,No,Yes,No,Yes,No,No,No,No,No,,,Tube,,2026-07-17,Official Website (brand-level; verify exact product URL/ingredients per SKU)
COL013,Colgate,Revitalizing White Activated Charcoal,Colgate-Palmolive,Toothpaste,https://www.colgate.com/en-us/products/toothpaste,USA,Sodium Fluoride,,Yes,Sodium Fluoride,,Yes,No,Yes,No,No,Yes,Yes,No,No,Yes,No,No,No,No,,,Tube,,2026-07-17,Official Website (brand-level; verify exact product URL/ingredients per SKU)
COL014,Colgate,Total Whitening,Colgate-Palmolive,Toothpaste,https://www.colgate.com/en-us/products/toothpaste,USA,Stannous Fluoride,,Yes,Stannous Fluoride,,Yes,No,Yes,Yes,Yes,Yes,Yes,No,No,No,No,No,No,No,,,Tube,,2026-07-17,Official Website (brand-level; verify exact product URL/ingredients per SKU)
COL015,Colgate,Zero Fluoride-Free,Colgate-Palmolive,Toothpaste,https://www.colgate.com/en-us/products/toothpaste,USA,None,,No,None,,No,No,No,No,No,Yes,Yes,No,No,No,Yes,Yes,Yes,Yes,,,Tube,,2026-07-17,Official Website (brand-level; verify exact product URL/ingredients per SKU)
CRE001,Crest,Pro-Health Clean Mint,Procter & Gamble,Toothpaste,https://crest.com/en-us/oral-care-products/toothpaste,USA,Stannous Fluoride,,Yes,Stannous Fluoride,,No,Yes,Yes,Yes,Yes,Yes,Yes,Yes,No,No,No,No,No,No,,,Tube,,2026-07-17,Official Website (brand-level; verify exact product URL/ingredients per SKU)
CRE002,Crest,Pro-Health + Scope,Procter & Gamble,Toothpaste,https://crest.com/en-us/oral-care-products/toothpaste,USA,Stannous Fluoride,,Yes,Stannous Fluoride,,Yes,Yes,Yes,Yes,Yes,Yes,Yes,Yes,No,No,No,No,No,No,,,Tube,,2026-07-17,Official Website (brand-level; verify exact product URL/ingredients per SKU)
CRE003,Crest,3D White Brilliance,Procter & Gamble,Toothpaste,https://crest.com/en-us/oral-care-products/toothpaste,USA,Sodium Fluoride,,Yes,Sodium Fluoride,,Yes,No,Yes,No,No,Yes,Yes,No,No,No,No,No,No,No,,,Tube,,2026-07-17,Official Website (brand-level; verify exact product URL/ingredients per SKU)
CRE004,Crest,3D White Whitening Therapy,Procter & Gamble,Toothpaste,https://crest.com/en-us/oral-care-products/toothpaste,USA,Sodium Fluoride,,Yes,Sodium Fluoride,,Yes,No,Yes,No,No,Yes,Yes,No,No,No,No,No,No,No,,,Tube,,2026-07-17,Official Website (brand-level; verify exact product URL/ingredients per SKU)
CRE005,Crest,Pro-Health Gum Detoxify,Procter & Gamble,Toothpaste,https://crest.com/en-us/oral-care-products/toothpaste,USA,Stannous Fluoride,,Yes,Stannous Fluoride,,No,Yes,Yes,Yes,Yes,Yes,Yes,No,No,No,No,No,No,No,,,Tube,,2026-07-17,Official Website (brand-level; verify exact product URL/ingredients per SKU)
CRE006,Crest,Pro-Health Gum & Sensitivity,Procter & Gamble,Toothpaste,https://crest.com/en-us/oral-care-products/toothpaste,USA,Stannous Fluoride,,Yes,Stannous Fluoride,,No,Yes,Yes,Yes,No,Yes,Yes,No,No,No,No,No,No,No,,,Tube,,2026-07-17,Official Website (brand-level; verify exact product URL/ingredients per SKU)
CRE007,Crest,Cavity Protection Regular,Procter & Gamble,Toothpaste,https://crest.com/en-us/oral-care-products/toothpaste,USA,Sodium Fluoride,,Yes,Sodium Fluoride,,No,No,Yes,No,No,No,Yes,No,No,No,No,No,No,No,,,Tube,,2026-07-17,Official Website (brand-level; verify exact product URL/ingredients per SKU)
CRE008,Crest,Complete Whitening + Scope,Procter & Gamble,Toothpaste,https://crest.com/en-us/oral-care-products/toothpaste,USA,Sodium Fluoride,,Yes,Sodium Fluoride,,Yes,No,Yes,No,No,Yes,Yes,No,No,No,No,No,No,No,,,Tube,,2026-07-17,Official Website (brand-level; verify exact product URL/ingredients per SKU)
CRE009,Crest,Baking Soda & Peroxide Whitening,Procter & Gamble,Toothpaste,https://crest.com/en-us/oral-care-products/toothpaste,USA,Sodium Fluoride,,Yes,Sodium Fluoride,,Yes,No,Yes,No,No,Yes,Yes,No,No,No,No,No,No,No,,,Tube,,2026-07-17,Official Website (brand-level; verify exact product URL/ingredients per SKU)
CRE010,Crest,Kids Sparkle Cavity Protection,Procter & Gamble,Toothpaste,https://crest.com/en-us/oral-care-products/toothpaste,USA,Sodium Fluoride,,Yes,Sodium Fluoride,,No,No,Yes,No,No,No,Yes,No,Yes,No,No,No,No,No,,,Tube,,2026-07-17,Official Website (brand-level; verify exact product URL/ingredients per SKU)
CRE011,Crest,Kids Sugar & Bacteria Shield,Procter & Gamble,Toothpaste,https://crest.com/en-us/oral-care-products/toothpaste,USA,Sodium Fluoride,,Yes,Sodium Fluoride,,No,No,Yes,No,No,No,Yes,No,Yes,No,No,No,No,No,,,Tube,,2026-07-17,Official Website (brand-level; verify exact product URL/ingredients per SKU)
CRE012,Crest,Kids Color Changing,Procter & Gamble,Toothpaste,https://crest.com/en-us/oral-care-products/toothpaste,USA,Sodium Fluoride,,Yes,Sodium Fluoride,,No,No,Yes,No,No,No,Yes,No,Yes,No,No,No,No,No,,,Tube,,2026-07-17,Official Website (brand-level; verify exact product URL/ingredients per SKU)
CRE013,Crest,Charcoal,Procter & Gamble,Toothpaste,https://crest.com/en-us/oral-care-products/toothpaste,USA,Stannous Fluoride,,Yes,Stannous Fluoride,,Yes,No,Yes,No,No,Yes,Yes,No,No,Yes,No,No,No,No,,,Tube,,2026-07-17,Official Website (brand-level; verify exact product URL/ingredients per SKU)
CRE014,Crest,Scope Active Fresh Whitening,Procter & Gamble,Toothpaste,https://crest.com/en-us/oral-care-products/toothpaste,USA,Sodium Fluoride,,Yes,Sodium Fluoride,,Yes,No,Yes,No,No,Yes,Yes,No,No,No,No,No,No,No,,,Tube,,2026-07-17,Official Website (brand-level; verify exact product URL/ingredients per SKU)
CRE015,Crest,Pro-Health Advanced,Procter & Gamble,Toothpaste,https://crest.com/en-us/oral-care-products/toothpaste,USA,Stannous Fluoride,,Yes,Stannous Fluoride,,No,Yes,Yes,Yes,Yes,Yes,Yes,Yes,No,No,No,No,No,No,,,Tube,,2026-07-17,Official Website (brand-level; verify exact product URL/ingredients per SKU)
ORB001,Oral-B,3D White Luxe,Procter & Gamble,Toothpaste,https://oralb.com/en-us/products/toothpaste,USA,Sodium Fluoride,,Yes,Sodium Fluoride,,Yes,No,Yes,No,No,Yes,Yes,No,No,No,No,No,No,No,,,Tube,,2026-07-17,Official Website (brand-level; verify exact product URL/ingredients per SKU)
ORB002,Oral-B,Pro-Expert Multi-Protection,Procter & Gamble,Toothpaste,https://oralb.com/en-us/products/toothpaste,USA,Stannous Fluoride,,Yes,Stannous Fluoride,,No,Yes,Yes,Yes,Yes,Yes,Yes,No,No,No,No,No,No,No,,,Tube,,2026-07-17,Official Website (brand-level; verify exact product URL/ingredients per SKU)
ORB003,Oral-B,Pro-Expert Sensitive,Procter & Gamble,Toothpaste,https://oralb.com/en-us/products/toothpaste,USA,Stannous Fluoride,,Yes,Stannous Fluoride,,No,Yes,Yes,Yes,No,Yes,Yes,No,No,No,No,No,No,No,,,Tube,,2026-07-17,Official Website (brand-level; verify exact product URL/ingredients per SKU)
ORB004,Oral-B,Gum & Enamel Repair,Procter & Gamble,Toothpaste,https://oralb.com/en-us/products/toothpaste,USA,Stannous Fluoride,,Yes,Stannous Fluoride,,No,Yes,Yes,Yes,No,Yes,Yes,Yes,No,No,No,No,No,No,,,Tube,,2026-07-17,Official Website (brand-level; verify exact product URL/ingredients per SKU)
ORB005,Oral-B,Cavity Defense,Procter & Gamble,Toothpaste,https://oralb.com/en-us/products/toothpaste,USA,Sodium Fluoride,,Yes,Sodium Fluoride,,No,No,Yes,No,No,No,Yes,No,No,No,No,No,No,No,,,Tube,,2026-07-17,Official Website (brand-level; verify exact product URL/ingredients per SKU)
ORB006,Oral-B,3D White Detoxify,Procter & Gamble,Toothpaste,https://oralb.com/en-us/products/toothpaste,USA,Stannous Fluoride,,Yes,Stannous Fluoride,,Yes,No,Yes,Yes,No,Yes,Yes,No,No,No,No,No,No,No,,,Tube,,2026-07-17,Official Website (brand-level; verify exact product URL/ingredients per SKU)
ORB007,Oral-B,Pro-Expert Whitening,Procter & Gamble,Toothpaste,https://oralb.com/en-us/products/toothpaste,USA,Stannous Fluoride,,Yes,Stannous Fluoride,,Yes,No,Yes,Yes,No,Yes,Yes,No,No,No,No,No,No,No,,,Tube,,2026-07-17,Official Website (brand-level; verify exact product URL/ingredients per SKU)
ORB008,Oral-B,Kids Toothpaste Disney,Procter & Gamble,Toothpaste,https://oralb.com/en-us/products/toothpaste,USA,Sodium Fluoride,,Yes,Sodium Fluoride,,No,No,Yes,No,No,No,Yes,No,Yes,No,No,No,No,No,,,Tube,,2026-07-17,Official Website (brand-level; verify exact product URL/ingredients per SKU)
SEN001,Sensodyne,Repair & Protect,Haleon,Toothpaste,https://www.sensodyne.com/en-us/products/,USA,Stannous Fluoride,,Yes,Stannous Fluoride,,No,Yes,Yes,No,No,No,Yes,Yes,No,No,No,No,Yes,No,,,Tube,,2026-07-17,Official Website (brand-level; verify exact product URL/ingredients per SKU)
SEN002,Sensodyne,Repair & Protect Whitening,Haleon,Toothpaste,https://www.sensodyne.com/en-us/products/,USA,Stannous Fluoride,,Yes,Stannous Fluoride,,Yes,Yes,Yes,No,No,Yes,Yes,Yes,No,No,No,No,Yes,No,,,Tube,,2026-07-17,Official Website (brand-level; verify exact product URL/ingredients per SKU)
SEN003,Sensodyne,Pronamel Daily Protection,Haleon,Toothpaste,https://www.sensodyne.com/en-us/products/,USA,Sodium Fluoride,,Yes,Sodium Fluoride,,No,Yes,Yes,No,No,No,Yes,Yes,No,No,No,No,Yes,No,,,Tube,,2026-07-17,Official Website (brand-level; verify exact product URL/ingredients per SKU)
SEN004,Sensodyne,Pronamel Gentle Whitening,Haleon,Toothpaste,https://www.sensodyne.com/en-us/products/,USA,Sodium Fluoride,,Yes,Sodium Fluoride,,Yes,Yes,Yes,No,No,Yes,Yes,Yes,No,No,No,No,Yes,No,,,Tube,,2026-07-17,Official Website (brand-level; verify exact product URL/ingredients per SKU)
SEN005,Sensodyne,Pronamel Intensive Enamel Repair,Haleon,Toothpaste,https://www.sensodyne.com/en-us/products/,USA,Sodium Fluoride,,Yes,Sodium Fluoride,,No,Yes,Yes,No,No,No,Yes,Yes,No,No,No,No,Yes,No,,,Tube,,2026-07-17,Official Website (brand-level; verify exact product URL/ingredients per SKU)
SEN006,Sensodyne,Rapid Relief,Haleon,Toothpaste,https://www.sensodyne.com/en-us/products/,USA,Stannous Fluoride,,Yes,Stannous Fluoride,,No,Yes,Yes,No,No,No,Yes,No,No,No,No,No,Yes,No,,,Tube,,2026-07-17,Official Website (brand-level; verify exact product URL/ingredients per SKU)
SEN007,Sensodyne,Rapid Relief Extra Fresh,Haleon,Toothpaste,https://www.sensodyne.com/en-us/products/,USA,Stannous Fluoride,,Yes,Stannous Fluoride,,No,Yes,Yes,No,No,Yes,Yes,No,No,No,No,No,Yes,No,,,Tube,,2026-07-17,Official Website (brand-level; verify exact product URL/ingredients per SKU)
SEN008,Sensodyne,Complete Protection,Haleon,Toothpaste,https://www.sensodyne.com/en-us/products/,USA,Sodium Fluoride,,Yes,Sodium Fluoride,,No,Yes,Yes,Yes,Yes,Yes,Yes,No,No,No,No,No,Yes,No,,,Tube,,2026-07-17,Official Website (brand-level; verify exact product URL/ingredients per SKU)
SEN009,Sensodyne,Extra Whitening,Haleon,Toothpaste,https://www.sensodyne.com/en-us/products/,USA,Sodium Fluoride,,Yes,Sodium Fluoride,,Yes,Yes,Yes,No,No,Yes,Yes,No,No,No,No,No,Yes,No,,,Tube,,2026-07-17,Official Website (brand-level; verify exact product URL/ingredients per SKU)
SEN010,Sensodyne,Clinical White,Haleon,Toothpaste,https://www.sensodyne.com/en-us/products/,USA,Sodium Fluoride,,Yes,Sodium Fluoride,,Yes,Yes,Yes,No,No,Yes,Yes,No,No,No,No,No,Yes,No,,,Tube,,2026-07-17,Official Website (brand-level; verify exact product URL/ingredients per SKU)
SEN011,Sensodyne,Sensitivity & Gum,Haleon,Toothpaste,https://www.sensodyne.com/en-us/products/,USA,Sodium Fluoride,,Yes,Sodium Fluoride,,No,Yes,Yes,Yes,No,No,Yes,No,No,No,No,No,Yes,No,,,Tube,,2026-07-17,Official Website (brand-level; verify exact product URL/ingredients per SKU)
SEN012,Sensodyne,Fresh Mint (Original),Haleon,Toothpaste,https://www.sensodyne.com/en-us/products/,USA,Sodium Fluoride,,Yes,Sodium Fluoride,,No,Yes,Yes,No,No,Yes,Yes,No,No,No,No,No,Yes,No,,,Tube,,2026-07-17,Official Website (brand-level; verify exact product URL/ingredients per SKU)
PAR001,Parodontax,Complete Protection,Haleon,Toothpaste,https://www.parodontax.com/en-us/products/,USA,Sodium Fluoride,,Yes,Sodium Fluoride,,No,No,Yes,Yes,Yes,Yes,Yes,No,No,No,No,No,No,No,,,Tube,,2026-07-17,Official Website (brand-level; verify exact product URL/ingredients per SKU)
PAR002,Parodontax,Extra Fresh,Haleon,Toothpaste,https://www.parodontax.com/en-us/products/,USA,Sodium Fluoride,,Yes,Sodium Fluoride,,No,No,Yes,Yes,Yes,Yes,Yes,No,No,No,No,No,No,No,,,Tube,,2026-07-17,Official Website (brand-level; verify exact product URL/ingredients per SKU)
PAR003,Parodontax,Whitening,Haleon,Toothpaste,https://www.parodontax.com/en-us/products/,USA,Sodium Fluoride,,Yes,Sodium Fluoride,,Yes,No,Yes,Yes,Yes,Yes,Yes,No,No,No,No,No,No,No,,,Tube,,2026-07-17,Official Website (brand-level; verify exact product URL/ingredients per SKU)
PAR004,Parodontax,Daily Gum Care,Haleon,Toothpaste,https://www.parodontax.com/en-us/products/,USA,Sodium Fluoride,,Yes,Sodium Fluoride,,No,No,Yes,Yes,Yes,No,Yes,No,No,No,No,No,No,No,,,Tube,,2026-07-17,Official Website (brand-level; verify exact product URL/ingredients per SKU)
PAR005,Parodontax,Active Gum Repair,Haleon,Toothpaste,https://www.parodontax.com/en-us/products/,USA,Stannous Fluoride,,Yes,Stannous Fluoride,,No,No,Yes,Yes,No,No,Yes,No,No,No,No,No,No,No,,,Tube,,2026-07-17,Official Website (brand-level; verify exact product URL/ingredients per SKU)
PAR006,Parodontax,Gum Health & Sensitivity,Haleon,Toothpaste,https://www.parodontax.com/en-us/products/,USA,Stannous Fluoride,,Yes,Stannous Fluoride,,No,Yes,Yes,Yes,No,No,Yes,No,No,No,No,No,No,No,,,Tube,,2026-07-17,Official Website (brand-level; verify exact product URL/ingredients per SKU)
AQU001,Aquafresh,Triple Protection,Haleon,Toothpaste,https://www.aquafresh.com/en-us/our-products/,USA,Sodium Fluoride,,Yes,Sodium Fluoride,,No,No,Yes,Yes,Yes,Yes,Yes,No,No,No,No,No,No,No,,,Tube,,2026-07-17,Official Website (brand-level; verify exact product URL/ingredients per SKU)
AQU002,Aquafresh,Extreme Clean Whitening,Haleon,Toothpaste,https://www.aquafresh.com/en-us/our-products/,USA,Sodium Fluoride,,Yes,Sodium Fluoride,,Yes,No,Yes,Yes,Yes,Yes,Yes,No,No,No,No,No,No,No,,,Tube,,2026-07-17,Official Website (brand-level; verify exact product URL/ingredients per SKU)
AQU003,Aquafresh,Sensitive Maximum Strength,Haleon,Toothpaste,https://www.aquafresh.com/en-us/our-products/,USA,Sodium Fluoride,,Yes,Sodium Fluoride,,No,Yes,Yes,No,No,No,Yes,No,No,No,No,No,No,No,,,Tube,,2026-07-17,Official Website (brand-level; verify exact product URL/ingredients per SKU)
AQU004,Aquafresh,Multi-Action Whitening,Haleon,Toothpaste,https://www.aquafresh.com/en-us/our-products/,USA,Sodium Fluoride,,Yes,Sodium Fluoride,,Yes,No,Yes,Yes,Yes,Yes,Yes,No,No,No,No,No,No,No,,,Tube,,2026-07-17,Official Website (brand-level; verify exact product URL/ingredients per SKU)
AQU005,Aquafresh,Kids Mild Mint,Haleon,Toothpaste,https://www.aquafresh.com/en-us/our-products/,USA,Sodium Fluoride,,Yes,Sodium Fluoride,,No,No,Yes,No,No,No,Yes,No,Yes,No,No,No,No,No,,,Tube,,2026-07-17,Official Website (brand-level; verify exact product URL/ingredients per SKU)
AQU006,Aquafresh,Big Teeth Little Teeth,Haleon,Toothpaste,https://www.aquafresh.com/en-us/our-products/,USA,Sodium Fluoride,,Yes,Sodium Fluoride,,No,No,Yes,No,No,No,Yes,No,Yes,No,No,No,No,No,,,Tube,,2026-07-17,Official Website (brand-level; verify exact product URL/ingredients per SKU)
AQU007,Aquafresh,Advance Gum Protection,Haleon,Toothpaste,https://www.aquafresh.com/en-us/our-products/,USA,Sodium Fluoride,,Yes,Sodium Fluoride,,No,No,Yes,Yes,Yes,No,Yes,No,No,No,No,No,No,No,,,Tube,,2026-07-17,Official Website (brand-level; verify exact product URL/ingredients per SKU)
BIO001,Biotène,Dry Mouth Toothpaste Original,Haleon,Toothpaste,https://www.biotene.com/products/,USA,Sodium Fluoride,,Yes,Sodium Fluoride,,No,No,Yes,Yes,No,No,Yes,No,No,No,No,No,No,No,,,Tube,,2026-07-17,Official Website (brand-level; verify exact product URL/ingredients per SKU)
BIO002,Biotène,Dry Mouth Toothpaste Fresh Mint,Haleon,Toothpaste,https://www.biotene.com/products/,USA,Sodium Fluoride,,Yes,Sodium Fluoride,,No,No,Yes,Yes,No,Yes,Yes,No,No,No,No,No,No,No,,,Tube,,2026-07-17,Official Website (brand-level; verify exact product URL/ingredients per SKU)
BIO003,Biotène,Gentle Mint Fluoride Toothpaste,Haleon,Toothpaste,https://www.biotene.com/products/,USA,Sodium Fluoride,,Yes,Sodium Fluoride,,No,No,Yes,No,No,Yes,Yes,No,No,No,No,No,No,No,,,Tube,,2026-07-17,Official Website (brand-level; verify exact product URL/ingredients per SKU)
BIO004,Biotène,Supreme Gum Health Toothpaste,Haleon,Toothpaste,https://www.biotene.com/products/,USA,Sodium Fluoride,,Yes,Sodium Fluoride,,No,No,Yes,Yes,No,No,Yes,No,No,No,No,No,No,No,,,Tube,,2026-07-17,Official Website (brand-level; verify exact product URL/ingredients per SKU)
ELM001,Elmex,Caries Protection,Colgate-Palmolive,Toothpaste,https://www.elmex.com/en/products/,Germany/EU,Amine Fluoride,,Yes,Amine Fluoride,,No,No,Yes,No,No,No,Yes,No,No,No,No,No,No,No,,,Tube,,2026-07-17,Official Website (brand-level; verify exact product URL/ingredients per SKU)
ELM002,Elmex,Sensitive Professional,Colgate-Palmolive,Toothpaste,https://www.elmex.com/en/products/,Germany/EU,Amine Fluoride,,Yes,Amine Fluoride,,No,Yes,Yes,No,No,No,Yes,No,No,No,No,No,No,No,,,Tube,,2026-07-17,Official Website (brand-level; verify exact product URL/ingredients per SKU)
ELM003,Elmex,Gentle Whitening,Colgate-Palmolive,Toothpaste,https://www.elmex.com/en/products/,Germany/EU,Amine Fluoride,,Yes,Amine Fluoride,,Yes,No,Yes,No,No,Yes,Yes,No,No,No,No,No,No,No,,,Tube,,2026-07-17,Official Website (brand-level; verify exact product URL/ingredients per SKU)
ELM004,Elmex,Junior (6-12 years),Colgate-Palmolive,Toothpaste,https://www.elmex.com/en/products/,Germany/EU,Amine/Sodium Fluoride,,Yes,Amine/Sodium Fluoride,,No,No,Yes,No,No,No,Yes,No,Yes,No,No,No,No,No,,,Tube,,2026-07-17,Official Website (brand-level; verify exact product URL/ingredients per SKU)
ELM005,Elmex,Erosion Protection,Colgate-Palmolive,Toothpaste,https://www.elmex.com/en/products/,Germany/EU,Amine Fluoride,,Yes,Amine Fluoride,,No,Yes,Yes,No,No,No,Yes,Yes,No,No,No,No,No,No,,,Tube,,2026-07-17,Official Website (brand-level; verify exact product URL/ingredients per SKU)
ELM006,Elmex,Anti-Bacterial Gum Protection,Colgate-Palmolive,Toothpaste,https://www.elmex.com/en/products/,Germany/EU,Amine Fluoride,,Yes,Amine Fluoride,,No,No,Yes,Yes,No,No,Yes,No,No,No,No,No,No,No,,,Tube,,2026-07-17,Official Website (brand-level; verify exact product URL/ingredients per SKU)
MER001,Meridol,Gum Protection Toothpaste,Colgate-Palmolive,Toothpaste,https://www.meridol.com/en/products/,Germany/EU,Amine/Stannous Fluoride,,Yes,Amine/Stannous Fluoride,,No,No,Yes,Yes,No,No,Yes,No,No,No,No,No,No,No,,,Tube,,2026-07-17,Official Website (brand-level; verify exact product URL/ingredients per SKU)
MER002,Meridol,Halitosis Toothpaste,Colgate-Palmolive,Toothpaste,https://www.meridol.com/en/products/,Germany/EU,Amine/Stannous Fluoride,,Yes,Amine/Stannous Fluoride,,No,No,Yes,Yes,No,Yes,Yes,No,No,No,No,No,No,No,,,Tube,,2026-07-17,Official Website (brand-level; verify exact product URL/ingredients per SKU)
MER003,Meridol,Sensitive Teeth Toothpaste,Colgate-Palmolive,Toothpaste,https://www.meridol.com/en/products/,Germany/EU,Amine/Stannous Fluoride,,Yes,Amine/Stannous Fluoride,,No,Yes,Yes,No,No,No,Yes,No,No,No,No,No,No,No,,,Tube,,2026-07-17,Official Website (brand-level; verify exact product URL/ingredients per SKU)
MER004,Meridol,Gum Protection Whitening,Colgate-Palmolive,Toothpaste,https://www.meridol.com/en/products/,Germany/EU,Amine/Stannous Fluoride,,Yes,Amine/Stannous Fluoride,,Yes,No,Yes,Yes,No,Yes,Yes,No,No,No,No,No,No,No,,,Tube,,2026-07-17,Official Website (brand-level; verify exact product URL/ingredients per SKU)
TOM001,Tom's of Maine,Whole Care Anticavity,Colgate-Palmolive,Toothpaste,https://www.tomsofmaine.com/collections/toothpaste,USA,Sodium Fluoride,,Yes,Sodium Fluoride,,No,No,Yes,Yes,No,No,Yes,Yes,No,No,Yes,Yes,Yes,Yes,,,Tube,,2026-07-17,Official Website (brand-level; verify exact product URL/ingredients per SKU)
TOM002,Tom's of Maine,Simply White Clean Mint,Colgate-Palmolive,Toothpaste,https://www.tomsofmaine.com/collections/toothpaste,USA,Sodium Fluoride,,Yes,Sodium Fluoride,,Yes,No,Yes,No,No,Yes,Yes,No,No,No,Yes,Yes,Yes,Yes,,,Tube,,2026-07-17,Official Website (brand-level; verify exact product URL/ingredients per SKU)
TOM003,Tom's of Maine,Rapid Relief Sensitive,Colgate-Palmolive,Toothpaste,https://www.tomsofmaine.com/collections/toothpaste,USA,Sodium Fluoride,,Yes,Sodium Fluoride,,No,Yes,Yes,No,No,No,Yes,No,No,No,Yes,Yes,Yes,Yes,,,Tube,,2026-07-17,Official Website (brand-level; verify exact product URL/ingredients per SKU)
TOM004,Tom's of Maine,Wicked Fresh! Cool Peppermint,Colgate-Palmolive,Toothpaste,https://www.tomsofmaine.com/collections/toothpaste,USA,None,,No,None,,No,No,No,No,No,Yes,Yes,No,No,No,Yes,Yes,Yes,Yes,,,Tube,,2026-07-17,Official Website (brand-level; verify exact product URL/ingredients per SKU)
TOM005,Tom's of Maine,Antiplaque & Whitening,Colgate-Palmolive,Toothpaste,https://www.tomsofmaine.com/collections/toothpaste,USA,Sodium Fluoride,,Yes,Sodium Fluoride,,Yes,No,Yes,Yes,Yes,Yes,Yes,No,No,No,Yes,Yes,Yes,Yes,,,Tube,,2026-07-17,Official Website (brand-level; verify exact product URL/ingredients per SKU)
TOM006,Tom's of Maine,Fluoride-Free Anticavity,Colgate-Palmolive,Toothpaste,https://www.tomsofmaine.com/collections/toothpaste,USA,None,,No,None,,No,No,No,No,No,No,Yes,No,No,No,Yes,Yes,Yes,Yes,,,Tube,,2026-07-17,Official Website (brand-level; verify exact product URL/ingredients per SKU)
TOM007,Tom's of Maine,Kids Natural Silly Strawberry,Colgate-Palmolive,Toothpaste,https://www.tomsofmaine.com/collections/toothpaste,USA,Sodium Fluoride,,Yes,Sodium Fluoride,,No,No,Yes,No,No,No,Yes,No,Yes,No,Yes,Yes,Yes,Yes,,,Tube,,2026-07-17,Official Website (brand-level; verify exact product URL/ingredients per SKU)
TOM008,Tom's of Maine,Clean & Gentle Whitening,Colgate-Palmolive,Toothpaste,https://www.tomsofmaine.com/collections/toothpaste,USA,Sodium Fluoride,,Yes,Sodium Fluoride,,Yes,No,Yes,No,No,Yes,Yes,No,No,No,Yes,Yes,Yes,Yes,,,Tube,,2026-07-17,Official Website (brand-level; verify exact product URL/ingredients per SKU)
TOM009,Tom's of Maine,Coconut Oil Cavity Protection,Colgate-Palmolive,Toothpaste,https://www.tomsofmaine.com/collections/toothpaste,USA,Sodium Fluoride,,Yes,Sodium Fluoride,,No,No,Yes,No,No,No,Yes,No,No,No,Yes,Yes,Yes,Yes,,,Tube,,2026-07-17,Official Website (brand-level; verify exact product URL/ingredients per SKU)
TOM010,Tom's of Maine,Charcoal Whitening,Colgate-Palmolive,Toothpaste,https://www.tomsofmaine.com/collections/toothpaste,USA,None,,No,None,,Yes,No,No,No,No,Yes,Yes,No,No,Yes,Yes,Yes,Yes,Yes,,,Tube,,2026-07-17,Official Website (brand-level; verify exact product URL/ingredients per SKU)
HEL001,Hello Products,Antiplaque & Whitening Fluoride Toothpaste,Colgate-Palmolive,Toothpaste,https://www.hello-products.com/collections/toothpaste,USA,Sodium Fluoride,,Yes,Sodium Fluoride,,Yes,No,Yes,Yes,No,Yes,Yes,No,No,No,Yes,Yes,Yes,Yes,,,Tube,,2026-07-17,Official Website (brand-level; verify exact product URL/ingredients per SKU)
HEL002,Hello Products,Naturally Whitening Fluoride-Free Charcoal,Colgate-Palmolive,Toothpaste,https://www.hello-products.com/collections/toothpaste,USA,None,,No,None,,Yes,No,No,No,No,Yes,Yes,No,No,Yes,Yes,Yes,Yes,Yes,,,Tube,,2026-07-17,Official Website (brand-level; verify exact product URL/ingredients per SKU)
HEL003,Hello Products,Kids Fluoride-Free Strawberry,Colgate-Palmolive,Toothpaste,https://www.hello-products.com/collections/toothpaste,USA,None,,No,None,,No,No,No,No,No,No,Yes,No,Yes,No,Yes,Yes,Yes,Yes,,,Tube,,2026-07-17,Official Website (brand-level; verify exact product URL/ingredients per SKU)
HEL004,Hello Products,Sensitivity Relief Fluoride Toothpaste,Colgate-Palmolive,Toothpaste,https://www.hello-products.com/collections/toothpaste,USA,Sodium Fluoride,,Yes,Sodium Fluoride,,No,Yes,Yes,No,No,No,Yes,No,No,No,Yes,Yes,Yes,Yes,,,Tube,,2026-07-17,Official Website (brand-level; verify exact product URL/ingredients per SKU)
HEL005,Hello Products,Antiplaque Whitening Fluoride-Free Coconut Oil,Colgate-Palmolive,Toothpaste,https://www.hello-products.com/collections/toothpaste,USA,None,,No,None,,Yes,No,No,No,No,Yes,Yes,No,No,No,Yes,Yes,Yes,Yes,,,Tube,,2026-07-17,Official Website (brand-level; verify exact product URL/ingredients per SKU)
HEL006,Hello Products,Farm to Tube Vegan Fluoride Toothpaste,Colgate-Palmolive,Toothpaste,https://www.hello-products.com/collections/toothpaste,USA,Sodium Fluoride,,Yes,Sodium Fluoride,,No,No,Yes,No,No,Yes,Yes,No,No,No,Yes,Yes,Yes,Yes,,,Tube,,2026-07-17,Official Website (brand-level; verify exact product URL/ingredients per SKU)
HEL007,Hello Products,Whitening Fluoride-Free Charcoal Kids,Colgate-Palmolive,Toothpaste,https://www.hello-products.com/collections/toothpaste,USA,None,,No,None,,Yes,No,No,No,No,No,Yes,No,Yes,Yes,Yes,Yes,Yes,Yes,,,Tube,,2026-07-17,Official Website (brand-level; verify exact product URL/ingredients per SKU)
MAR001,Marvis,Classic Strong Mint,Ludovico Martelli,Toothpaste,https://www.marvis.it/en/products/,Italy,Sodium Fluoride,,Yes,Sodium Fluoride,,No,No,Yes,No,No,Yes,Yes,No,No,No,No,No,No,No,,,Tube,,2026-07-17,Official Website (brand-level; verify exact product URL/ingredients per SKU)
MAR002,Marvis,Whitening Mint,Ludovico Martelli,Toothpaste,https://www.marvis.it/en/products/,Italy,Sodium Fluoride,,Yes,Sodium Fluoride,,Yes,No,Yes,No,No,Yes,Yes,No,No,No,No,No,No,No,,,Tube,,2026-07-17,Official Website (brand-level; verify exact product URL/ingredients per SKU)
MAR003,Marvis,Aquatic Mint,Ludovico Martelli,Toothpaste,https://www.marvis.it/en/products/,Italy,Sodium Fluoride,,Yes,Sodium Fluoride,,No,No,Yes,No,No,Yes,Yes,No,No,No,No,No,No,No,,,Tube,,2026-07-17,Official Website (brand-level; verify exact product URL/ingredients per SKU)
MAR004,Marvis,Cinnamon Mint,Ludovico Martelli,Toothpaste,https://www.marvis.it/en/products/,Italy,Sodium Fluoride,,Yes,Sodium Fluoride,,No,No,Yes,No,No,Yes,Yes,No,No,No,No,No,No,No,,,Tube,,2026-07-17,Official Website (brand-level; verify exact product URL/ingredients per SKU)
MAR005,Marvis,Jasmin Mint,Ludovico Martelli,Toothpaste,https://www.marvis.it/en/products/,Italy,Sodium Fluoride,,Yes,Sodium Fluoride,,No,No,Yes,No,No,Yes,Yes,No,No,No,No,No,No,No,,,Tube,,2026-07-17,Official Website (brand-level; verify exact product URL/ingredients per SKU)
MAR006,Marvis,Amarelli Licorice Mint,Ludovico Martelli,Toothpaste,https://www.marvis.it/en/products/,Italy,Sodium Fluoride,,Yes,Sodium Fluoride,,No,No,Yes,No,No,Yes,Yes,No,No,No,No,No,No,No,,,Tube,,2026-07-17,Official Website (brand-level; verify exact product URL/ingredients per SKU)
MAR007,Marvis,Ginger Mint,Ludovico Martelli,Toothpaste,https://www.marvis.it/en/products/,Italy,Sodium Fluoride,,Yes,Sodium Fluoride,,No,No,Yes,No,No,Yes,Yes,No,No,No,No,No,No,No,,,Tube,,2026-07-17,Official Website (brand-level; verify exact product URL/ingredients per SKU)
MAR008,Marvis,Sweet & Sour Rhubarb,Ludovico Martelli,Toothpaste,https://www.marvis.it/en/products/,Italy,Sodium Fluoride,,Yes,Sodium Fluoride,,No,No,Yes,No,No,Yes,Yes,No,No,No,No,No,No,No,,,Tube,,2026-07-17,Official Website (brand-level; verify exact product URL/ingredients per SKU)
CUR001,Curaprox,Black Is White Whitening,Curaden,Toothpaste,https://www.curaprox.com/en/products/toothpastes,Switzerland,Sodium Fluoride,,Yes,Sodium Fluoride,,Yes,No,Yes,No,No,Yes,Yes,No,No,No,No,No,No,No,,,Tube,,2026-07-17,Official Website (brand-level; verify exact product URL/ingredients per SKU)
CUR002,Curaprox,Enzycal 950,Curaden,Toothpaste,https://www.curaprox.com/en/products/toothpastes,Switzerland,Sodium Fluoride,,Yes,Sodium Fluoride,,No,No,Yes,No,No,No,Yes,Yes,No,No,No,No,No,No,,,Tube,,2026-07-17,Official Website (brand-level; verify exact product URL/ingredients per SKU)
CUR003,Curaprox,Enzycal 1450,Curaden,Toothpaste,https://www.curaprox.com/en/products/toothpastes,Switzerland,Sodium Fluoride,,Yes,Sodium Fluoride,,No,No,Yes,No,No,No,Yes,Yes,No,No,No,No,No,No,,,Tube,,2026-07-17,Official Website (brand-level; verify exact product URL/ingredients per SKU)
CUR004,Curaprox,Be You Toothpaste,Curaden,Toothpaste,https://www.curaprox.com/en/products/toothpastes,Switzerland,Sodium Fluoride,,Yes,Sodium Fluoride,,No,No,Yes,No,No,Yes,Yes,No,No,No,No,No,No,No,,,Tube,,2026-07-17,Official Website (brand-level; verify exact product URL/ingredients per SKU)
CUR005,Curaprox,Kids Toothpaste 0-4 / 4-12,Curaden,Toothpaste,https://www.curaprox.com/en/products/toothpastes,Switzerland,Sodium Fluoride,,Yes,Sodium Fluoride,,No,No,Yes,No,No,No,Yes,No,Yes,No,No,No,No,No,,,Tube,,2026-07-17,Official Website (brand-level; verify exact product URL/ingredients per SKU)
CUR006,Curaprox,Perio Plus Toothpaste,Curaden,Toothpaste,https://www.curaprox.com/en/products/toothpastes,Switzerland,Sodium Fluoride,,Yes,Sodium Fluoride,,No,Yes,Yes,Yes,No,No,Yes,No,No,No,No,No,No,No,,,Tube,,2026-07-17,Official Website (brand-level; verify exact product URL/ingredients per SKU)
CUR007,Curaprox,Whitening Toothpaste,Curaden,Toothpaste,https://www.curaprox.com/en/products/toothpastes,Switzerland,Sodium Fluoride,,Yes,Sodium Fluoride,,Yes,No,Yes,No,No,Yes,Yes,No,No,No,No,No,No,No,,,Tube,,2026-07-17,Official Website (brand-level; verify exact product URL/ingredients per SKU)
CUR008,Curaprox,Superwhite Toothpaste,Curaden,Toothpaste,https://www.curaprox.com/en/products/toothpastes,Switzerland,Sodium Fluoride,,Yes,Sodium Fluoride,,Yes,No,Yes,No,No,Yes,Yes,No,No,No,No,No,No,No,,,Tube,,2026-07-17,Official Website (brand-level; verify exact product URL/ingredients per SKU)
ZEN001,Zendium,Advanced Toothpaste,Unilever,Toothpaste,https://www.zendium.co.uk/products/,UK/EU,Sodium Fluoride,,Yes,Sodium Fluoride,,No,No,Yes,Yes,No,No,Yes,No,No,No,No,No,No,No,,,Tube,,2026-07-17,Official Website (brand-level; verify exact product URL/ingredients per SKU)
ZEN002,Zendium,Complete Protection,Unilever,Toothpaste,https://www.zendium.co.uk/products/,UK/EU,Sodium Fluoride,,Yes,Sodium Fluoride,,No,No,Yes,Yes,Yes,Yes,Yes,No,No,No,No,No,No,No,,,Tube,,2026-07-17,Official Website (brand-level; verify exact product URL/ingredients per SKU)
ZEN003,Zendium,White Toothpaste,Unilever,Toothpaste,https://www.zendium.co.uk/products/,UK/EU,Sodium Fluoride,,Yes,Sodium Fluoride,,Yes,No,Yes,Yes,No,Yes,Yes,No,No,No,No,No,No,No,,,Tube,,2026-07-17,Official Website (brand-level; verify exact product URL/ingredients per SKU)
ZEN004,Zendium,Sensitive Toothpaste,Unilever,Toothpaste,https://www.zendium.co.uk/products/,UK/EU,Sodium Fluoride,,Yes,Sodium Fluoride,,No,Yes,Yes,No,No,No,Yes,No,No,No,No,No,No,No,,,Tube,,2026-07-17,Official Website (brand-level; verify exact product URL/ingredients per SKU)
ZEN005,Zendium,Kids Toothpaste,Unilever,Toothpaste,https://www.zendium.co.uk/products/,UK/EU,Sodium Fluoride,,Yes,Sodium Fluoride,,No,No,Yes,No,No,No,Yes,No,Yes,No,No,No,No,No,,,Tube,,2026-07-17,Official Website (brand-level; verify exact product URL/ingredients per SKU)
SIG001,Signal,White Now,Unilever,Toothpaste,https://www.signal.co.uk/our-products/,UK/Global,Sodium Fluoride,,Yes,Sodium Fluoride,,Yes,No,Yes,No,No,Yes,Yes,No,No,No,No,No,No,No,,,Tube,,2026-07-17,Official Website (brand-level; verify exact product URL/ingredients per SKU)
SIG002,Signal,Integral 8,Unilever,Toothpaste,https://www.signal.co.uk/our-products/,UK/Global,Sodium Fluoride,,Yes,Sodium Fluoride,,No,No,Yes,Yes,Yes,Yes,Yes,No,No,No,No,No,No,No,,,Tube,,2026-07-17,Official Website (brand-level; verify exact product URL/ingredients per SKU)
SIG003,Signal,Herbal,Unilever,Toothpaste,https://www.signal.co.uk/our-products/,UK/Global,Sodium Fluoride,,Yes,Sodium Fluoride,,No,No,Yes,No,No,Yes,Yes,No,No,Yes,No,No,No,No,,,Tube,,2026-07-17,Official Website (brand-level; verify exact product URL/ingredients per SKU)
SIG004,Signal,Sensitive Expert,Unilever,Toothpaste,https://www.signal.co.uk/our-products/,UK/Global,Sodium Fluoride,,Yes,Sodium Fluoride,,No,Yes,Yes,No,No,No,Yes,No,No,No,No,No,No,No,,,Tube,,2026-07-17,Official Website (brand-level; verify exact product URL/ingredients per SKU)
SIG005,Signal,Kids Toothpaste,Unilever,Toothpaste,https://www.signal.co.uk/our-products/,UK/Global,Sodium Fluoride,,Yes,Sodium Fluoride,,No,No,Yes,No,No,No,Yes,No,Yes,No,No,No,No,No,,,Tube,,2026-07-17,Official Website (brand-level; verify exact product URL/ingredients per SKU)
SIG006,Signal,Cavity Fighter,Unilever,Toothpaste,https://www.signal.co.uk/our-products/,UK/Global,Sodium Fluoride,,Yes,Sodium Fluoride,,No,No,Yes,No,No,No,Yes,No,No,No,No,No,No,No,,,Tube,,2026-07-17,Official Website (brand-level; verify exact product URL/ingredients per SKU)
SIG007,Signal,Anti-Plaque,Unilever,Toothpaste,https://www.signal.co.uk/our-products/,UK/Global,Sodium Fluoride,,Yes,Sodium Fluoride,,No,No,Yes,No,Yes,Yes,Yes,No,No,No,No,No,No,No,,,Tube,,2026-07-17,Official Website (brand-level; verify exact product URL/ingredients per SKU)
SIG008,Signal,White System,Unilever,Toothpaste,https://www.signal.co.uk/our-products/,UK/Global,Sodium Fluoride,,Yes,Sodium Fluoride,,Yes,No,Yes,No,No,Yes,Yes,No,No,No,No,No,No,No,,,Tube,,2026-07-17,Official Website (brand-level; verify exact product URL/ingredients per SKU)
CLO001,Closeup,Red Hot Gel,Unilever,Toothpaste,https://www.closeup.com/products/,India/SEA,Sodium Fluoride,,Yes,Sodium Fluoride,,No,No,Yes,No,No,Yes,Yes,No,No,No,No,No,No,No,,,Tube,,2026-07-17,Official Website (brand-level; verify exact product URL/ingredients per SKU)
CLO002,Closeup,Ever Fresh Gel,Unilever,Toothpaste,https://www.closeup.com/products/,India/SEA,Sodium Fluoride,,Yes,Sodium Fluoride,,No,No,Yes,No,No,Yes,Yes,No,No,No,No,No,No,No,,,Tube,,2026-07-17,Official Website (brand-level; verify exact product URL/ingredients per SKU)
CLO003,Closeup,Menthol Fresh Gel,Unilever,Toothpaste,https://www.closeup.com/products/,India/SEA,Sodium Fluoride,,Yes,Sodium Fluoride,,No,No,Yes,No,No,Yes,Yes,No,No,No,No,No,No,No,,,Tube,,2026-07-17,Official Website (brand-level; verify exact product URL/ingredients per SKU)
CLO004,Closeup,Deep Action Gel,Unilever,Toothpaste,https://www.closeup.com/products/,India/SEA,Sodium Fluoride,,Yes,Sodium Fluoride,,No,No,Yes,Yes,Yes,Yes,Yes,No,No,No,No,No,No,No,,,Tube,,2026-07-17,Official Website (brand-level; verify exact product URL/ingredients per SKU)
CLO005,Closeup,Milk Calcium,Unilever,Toothpaste,https://www.closeup.com/products/,India/SEA,Sodium Fluoride,,Yes,Sodium Fluoride,,No,No,Yes,No,No,No,Yes,Yes,No,No,No,No,No,No,,,Tube,,2026-07-17,Official Website (brand-level; verify exact product URL/ingredients per SKU)
CLO006,Closeup,Diamond Attraction Whitening,Unilever,Toothpaste,https://www.closeup.com/products/,India/SEA,Sodium Fluoride,,Yes,Sodium Fluoride,,Yes,No,Yes,No,No,Yes,Yes,No,No,No,No,No,No,No,,,Tube,,2026-07-17,Official Website (brand-level; verify exact product URL/ingredients per SKU)
PEP001,Pepsodent,Center Fresh Gel,Unilever,Toothpaste,https://www.pepsodent.com/products/,India/Global,Sodium Fluoride,,Yes,Sodium Fluoride,,No,No,Yes,No,No,Yes,Yes,No,No,No,No,No,No,No,,,Tube,,2026-07-17,Official Website (brand-level; verify exact product URL/ingredients per SKU)
PEP002,Pepsodent,Germicheck,Unilever,Toothpaste,https://www.pepsodent.com/products/,India/Global,Sodium Fluoride,,Yes,Sodium Fluoride,,No,No,Yes,Yes,Yes,No,Yes,No,No,No,No,No,No,No,,,Tube,,2026-07-17,Official Website (brand-level; verify exact product URL/ingredients per SKU)
PEP003,Pepsodent,Complete Care 12,Unilever,Toothpaste,https://www.pepsodent.com/products/,India/Global,Sodium Fluoride,,Yes,Sodium Fluoride,,No,No,Yes,Yes,Yes,Yes,Yes,No,No,No,No,No,No,No,,,Tube,,2026-07-17,Official Website (brand-level; verify exact product URL/ingredients per SKU)
PEP004,Pepsodent,Whitening,Unilever,Toothpaste,https://www.pepsodent.com/products/,India/Global,Sodium Fluoride,,Yes,Sodium Fluoride,,Yes,No,Yes,No,No,Yes,Yes,No,No,No,No,No,No,No,,,Tube,,2026-07-17,Official Website (brand-level; verify exact product URL/ingredients per SKU)
PEP005,Pepsodent,Expert Protection Total Care,Unilever,Toothpaste,https://www.pepsodent.com/products/,India/Global,Sodium Fluoride,,Yes,Sodium Fluoride,,No,No,Yes,Yes,Yes,Yes,Yes,No,No,No,No,No,No,No,,,Tube,,2026-07-17,Official Website (brand-level; verify exact product URL/ingredients per SKU)
PEP006,Pepsodent,Herbal,Unilever,Toothpaste,https://www.pepsodent.com/products/,India/Global,Sodium Fluoride,,Yes,Sodium Fluoride,,No,No,Yes,No,No,Yes,Yes,No,No,Yes,No,No,No,No,,,Tube,,2026-07-17,Official Website (brand-level; verify exact product URL/ingredients per SKU)
PEP007,Pepsodent,Ayurvedic Extracts,Unilever,Toothpaste,https://www.pepsodent.com/products/,India/Global,None,,No,None,,No,No,No,Yes,No,Yes,Yes,No,No,Yes,No,No,No,No,,,Tube,,2026-07-17,Official Website (brand-level; verify exact product URL/ingredients per SKU)
PEP008,Pepsodent,Sensitive Expert,Unilever,Toothpaste,https://www.pepsodent.com/products/,India/Global,Sodium Fluoride,,Yes,Sodium Fluoride,,No,Yes,Yes,No,No,No,Yes,No,No,No,No,No,No,No,,,Tube,,2026-07-17,Official Website (brand-level; verify exact product URL/ingredients per SKU)
HIM001,Himalaya,Complete Care Toothpaste,Himalaya Wellness,Toothpaste,https://himalayawellness.com/collections/toothpaste,India,None,,No,None,,No,No,No,Yes,Yes,Yes,Yes,No,No,Yes,No,No,No,No,,,Tube,,2026-07-17,Official Website (brand-level; verify exact product URL/ingredients per SKU)
HIM002,Himalaya,Simply Peppermint,Himalaya Wellness,Toothpaste,https://himalayawellness.com/collections/toothpaste,India,None,,No,None,,No,No,No,No,No,Yes,Yes,No,No,Yes,No,No,No,No,,,Tube,,2026-07-17,Official Website (brand-level; verify exact product URL/ingredients per SKU)
HIM003,Himalaya,Simply Cinnamon,Himalaya Wellness,Toothpaste,https://himalayawellness.com/collections/toothpaste,India,None,,No,None,,No,No,No,No,No,Yes,Yes,No,No,Yes,No,No,No,No,,,Tube,,2026-07-17,Official Website (brand-level; verify exact product URL/ingredients per SKU)
HIM004,Himalaya,Whitening Toothpaste,Himalaya Wellness,Toothpaste,https://himalayawellness.com/collections/toothpaste,India,None,,No,None,,Yes,No,No,No,No,Yes,Yes,No,No,Yes,No,No,No,No,,,Tube,,2026-07-17,Official Website (brand-level; verify exact product URL/ingredients per SKU)
HIM005,Himalaya,Sensitive Care Toothpaste,Himalaya Wellness,Toothpaste,https://himalayawellness.com/collections/toothpaste,India,None,,No,None,,No,Yes,No,No,No,No,Yes,No,No,Yes,No,No,No,No,,,Tube,,2026-07-17,Official Website (brand-level; verify exact product URL/ingredients per SKU)
HIM006,Himalaya,Charcoal Toothpaste,Himalaya Wellness,Toothpaste,https://himalayawellness.com/collections/toothpaste,India,None,,No,None,,Yes,No,No,No,No,Yes,Yes,No,No,Yes,Yes,No,No,No,,,Tube,,2026-07-17,Official Website (brand-level; verify exact product URL/ingredients per SKU)
HIM007,Himalaya,Neem & Pomegranate,Himalaya Wellness,Toothpaste,https://himalayawellness.com/collections/toothpaste,India,None,,No,None,,No,No,No,Yes,No,Yes,Yes,No,No,Yes,No,No,No,No,,,Tube,,2026-07-17,Official Website (brand-level; verify exact product URL/ingredients per SKU)
HIM008,Himalaya,Kids Toothpaste,Himalaya Wellness,Toothpaste,https://himalayawellness.com/collections/toothpaste,India,None,,No,None,,No,No,No,No,No,No,Yes,No,Yes,Yes,No,No,No,No,,,Tube,,2026-07-17,Official Website (brand-level; verify exact product URL/ingredients per SKU)
DAB001,Dabur Red,Dabur Red Paste,Dabur,Toothpaste,https://www.dabur.com/red-toothpaste,India,Sodium Fluoride,,Yes,Sodium Fluoride,,No,No,Yes,Yes,No,Yes,Yes,No,No,Yes,No,No,No,No,,,Tube,,2026-07-17,Official Website (brand-level; verify exact product URL/ingredients per SKU)
DAB002,Dabur Red,Dabur Herb'l,Dabur,Toothpaste,https://www.dabur.com/red-toothpaste,India,None,,No,None,,No,No,No,No,No,Yes,Yes,No,No,Yes,No,No,No,No,,,Tube,,2026-07-17,Official Website (brand-level; verify exact product URL/ingredients per SKU)
DAB003,Dabur Red,Dabur Meswak,Dabur,Toothpaste,https://www.dabur.com/red-toothpaste,India,None,,No,None,,No,No,No,Yes,No,Yes,Yes,No,No,Yes,No,No,No,No,,,Tube,,2026-07-17,Official Website (brand-level; verify exact product URL/ingredients per SKU)
DAB004,Dabur Red,Dabur Babool,Dabur,Toothpaste,https://www.dabur.com/red-toothpaste,India,Sodium Fluoride,,Yes,Sodium Fluoride,,No,No,Yes,Yes,Yes,Yes,Yes,No,No,Yes,No,No,No,No,,,Tube,,2026-07-17,Official Website (brand-level; verify exact product URL/ingredients per SKU)
VIC001,Vicco,Vajradanti Paste,Vicco Laboratories,Toothpaste,https://www.viccolabs.com/products/,India,None,,No,None,,No,No,No,Yes,No,Yes,Yes,No,No,Yes,No,No,No,No,,,Tube,,2026-07-17,Official Website (brand-level; verify exact product URL/ingredients per SKU)
VIC002,Vicco,Vajradanti Gel,Vicco Laboratories,Toothpaste,https://www.viccolabs.com/products/,India,None,,No,None,,No,No,No,Yes,No,Yes,Yes,No,No,Yes,No,No,No,No,,,Tube,,2026-07-17,Official Website (brand-level; verify exact product URL/ingredients per SKU)
VIC003,Vicco,Vajradanti Ayurvedic Sensitive,Vicco Laboratories,Toothpaste,https://www.viccolabs.com/products/,India,None,,No,None,,No,Yes,No,Yes,No,No,Yes,No,No,Yes,No,No,No,No,,,Tube,,2026-07-17,Official Website (brand-level; verify exact product URL/ingredients per SKU)
LIO001,Lion Clinica,Clinica Advantage Toothpaste,Lion Corporation,Toothpaste,https://clinica.lion.co.jp/products/,Japan,Sodium Fluoride,,Yes,Sodium Fluoride,,No,No,Yes,Yes,Yes,Yes,Yes,No,No,No,No,No,No,No,,,Tube,,2026-07-17,Official Website (brand-level; verify exact product URL/ingredients per SKU)
LIO002,Lion Clinica,Clinica Kids Toothpaste,Lion Corporation,Toothpaste,https://clinica.lion.co.jp/products/,Japan,Sodium Fluoride,,Yes,Sodium Fluoride,,No,No,Yes,No,No,No,Yes,No,Yes,No,No,No,No,No,,,Tube,,2026-07-17,Official Website (brand-level; verify exact product URL/ingredients per SKU)
LIO003,Lion Clinica,Clinica Enamel Pro Toothpaste,Lion Corporation,Toothpaste,https://clinica.lion.co.jp/products/,Japan,Sodium Fluoride,,Yes,Sodium Fluoride,,No,No,Yes,No,No,No,Yes,Yes,No,No,No,No,No,No,,,Tube,,2026-07-17,Official Website (brand-level; verify exact product URL/ingredients per SKU)
LIO004,Lion Clinica,Clinica Mouthwash Paste Mint,Lion Corporation,Toothpaste,https://clinica.lion.co.jp/products/,Japan,Sodium Fluoride,,Yes,Sodium Fluoride,,No,No,Yes,No,No,Yes,Yes,No,No,No,No,No,No,No,,,Tube,,2026-07-17,Official Website (brand-level; verify exact product URL/ingredients per SKU)
LIO005,Lion Clinica,Clinica Sensitive,Lion Corporation,Toothpaste,https://clinica.lion.co.jp/products/,Japan,Sodium Fluoride,,Yes,Sodium Fluoride,,No,Yes,Yes,No,No,No,Yes,No,No,No,No,No,No,No,,,Tube,,2026-07-17,Official Website (brand-level; verify exact product URL/ingredients per SKU)
ORA001,Ora2,Premium Steam Fresh Mint,Sunstar,Toothpaste,https://jp.sunstar.com/oral2/products/,Japan,Sodium Fluoride,,Yes,Sodium Fluoride,,Yes,No,Yes,No,No,Yes,Yes,No,No,No,No,No,No,No,,,Tube,,2026-07-17,Official Website (brand-level; verify exact product URL/ingredients per SKU)
ORA002,Ora2,Me Fluffy Rose Paste,Sunstar,Toothpaste,https://jp.sunstar.com/oral2/products/,Japan,Sodium Fluoride,,Yes,Sodium Fluoride,,Yes,No,Yes,No,No,Yes,Yes,No,No,No,No,No,No,No,,,Tube,,2026-07-17,Official Website (brand-level; verify exact product URL/ingredients per SKU)
ORA003,Ora2,Stain Clear Paste,Sunstar,Toothpaste,https://jp.sunstar.com/oral2/products/,Japan,Sodium Fluoride,,Yes,Sodium Fluoride,,Yes,No,Yes,No,No,Yes,Yes,No,No,No,No,No,No,No,,,Tube,,2026-07-17,Official Website (brand-level; verify exact product URL/ingredients per SKU)
ORA004,Ora2,Premium Chocolate Mint,Sunstar,Toothpaste,https://jp.sunstar.com/oral2/products/,Japan,Sodium Fluoride,,Yes,Sodium Fluoride,,Yes,No,Yes,No,No,Yes,Yes,No,No,No,No,No,No,No,,,Tube,,2026-07-17,Official Website (brand-level; verify exact product URL/ingredients per SKU)
ORA005,Ora2,Baking Deep Whitening,Sunstar,Toothpaste,https://jp.sunstar.com/oral2/products/,Japan,Sodium Fluoride,,Yes,Sodium Fluoride,,Yes,No,Yes,No,No,Yes,Yes,No,No,No,No,No,No,No,,,Tube,,2026-07-17,Official Website (brand-level; verify exact product URL/ingredients per SKU)
GUM001,GUM,PerioBrite Toothpaste,Sunstar,Toothpaste,https://sunstargum.com/products/toothpastes/,USA/Global,None,,No,None,,Yes,No,No,Yes,Yes,Yes,Yes,No,No,No,No,Yes,Yes,Yes,,,Tube,,2026-07-17,Official Website (brand-level; verify exact product URL/ingredients per SKU)
GUM002,GUM,Original White Toothpaste,Sunstar,Toothpaste,https://sunstargum.com/products/toothpastes/,USA/Global,Sodium Fluoride,,Yes,Sodium Fluoride,,Yes,No,Yes,No,No,Yes,Yes,No,No,No,No,No,No,No,,,Tube,,2026-07-17,Official Website (brand-level; verify exact product URL/ingredients per SKU)
GUM003,GUM,Activated Charcoal Toothpaste,Sunstar,Toothpaste,https://sunstargum.com/products/toothpastes/,USA/Global,Sodium Fluoride,,Yes,Sodium Fluoride,,Yes,No,Yes,No,No,Yes,Yes,No,No,Yes,No,No,No,No,,,Tube,,2026-07-17,Official Website (brand-level; verify exact product URL/ingredients per SKU)
GUM004,GUM,Kids Toothpaste,Sunstar,Toothpaste,https://sunstargum.com/products/toothpastes/,USA/Global,Sodium Fluoride,,Yes,Sodium Fluoride,,No,No,Yes,No,No,No,Yes,No,Yes,No,No,No,No,No,,,Tube,,2026-07-17,Official Website (brand-level; verify exact product URL/ingredients per SKU)
GUM005,GUM,Sensitive Toothpaste,Sunstar,Toothpaste,https://sunstargum.com/products/toothpastes/,USA/Global,Sodium Fluoride,,Yes,Sodium Fluoride,,No,Yes,Yes,No,No,No,Yes,No,No,No,No,No,No,No,,,Tube,,2026-07-17,Official Website (brand-level; verify exact product URL/ingredients per SKU)
GUM006,GUM,Dry Mouth Toothpaste,Sunstar,Toothpaste,https://sunstargum.com/products/toothpastes/,USA/Global,Sodium Fluoride,,Yes,Sodium Fluoride,,No,No,Yes,No,No,No,Yes,No,No,No,No,No,No,No,,,Tube,,2026-07-17,Official Website (brand-level; verify exact product URL/ingredients per SKU)
APA001,Apagard,Premio Toothpaste,Sangi,Toothpaste,https://www.apagard.com/products/,Japan,None,,No,None,,Yes,Yes,No,No,No,Yes,Yes,Yes,No,No,No,No,No,No,,,Tube,,2026-07-17,Official Website (brand-level; verify exact product URL/ingredients per SKU)
APA002,Apagard,Royal Toothpaste,Sangi,Toothpaste,https://www.apagard.com/products/,Japan,None,,No,None,,Yes,Yes,No,No,No,Yes,Yes,Yes,No,No,No,No,No,No,,,Tube,,2026-07-17,Official Website (brand-level; verify exact product URL/ingredients per SKU)
APA003,Apagard,M Plus Toothpaste,Sangi,Toothpaste,https://www.apagard.com/products/,Japan,Sodium Fluoride,,Yes,Sodium Fluoride,,No,Yes,Yes,No,No,No,Yes,Yes,No,No,No,No,No,No,,,Tube,,2026-07-17,Official Website (brand-level; verify exact product URL/ingredients per SKU)
APA004,Apagard,Kids Toothpaste,Sangi,Toothpaste,https://www.apagard.com/products/,Japan,Sodium Fluoride,,Yes,Sodium Fluoride,,No,No,Yes,No,No,No,Yes,Yes,Yes,No,No,No,No,No,,,Tube,,2026-07-17,Official Website (brand-level; verify exact product URL/ingredients per SKU)
GCT001,GC Tooth Mousse,Tooth Mousse,GC Corporation,Toothpaste (Topical Creme),https://www.gc.dental/europe/en/products/gc-tooth-mousse,Japan/Global,None,,No,None,,No,Yes,No,No,No,No,No,Yes,No,No,No,No,No,No,,,Tube,,2026-07-17,Official Website (brand-level; verify exact product URL/ingredients per SKU)
GCT002,GC Tooth Mousse,MI Paste Plus,GC Corporation,Toothpaste (Topical Creme),https://www.gc.dental/europe/en/products/gc-tooth-mousse,Japan/Global,Sodium Fluoride,,Yes,Sodium Fluoride,,No,Yes,Yes,No,No,No,No,Yes,No,No,No,No,No,No,,,Tube,,2026-07-17,Official Website (brand-level; verify exact product URL/ingredients per SKU)
GCT003,GC Tooth Mousse,Tooth Mousse Plus,GC Corporation,Toothpaste (Topical Creme),https://www.gc.dental/europe/en/products/gc-tooth-mousse,Japan/Global,Sodium Fluoride,,Yes,Sodium Fluoride,,No,Yes,Yes,No,No,No,No,Yes,No,No,No,No,No,No,,,Tube,,2026-07-17,Official Website (brand-level; verify exact product URL/ingredients per SKU)
ARM001,Arm & Hammer,Advance White Extreme Whitening,Church & Dwight,Toothpaste,https://www.armandhammer.com/products/toothpaste,USA,Sodium Fluoride,,Yes,Sodium Fluoride,,Yes,No,Yes,No,No,Yes,Yes,No,No,No,No,No,No,No,,,Tube,,2026-07-17,Official Website (brand-level; verify exact product URL/ingredients per SKU)
ARM002,Arm & Hammer,Complete Care Fresh Mint,Church & Dwight,Toothpaste,https://www.armandhammer.com/products/toothpaste,USA,Sodium Fluoride,,Yes,Sodium Fluoride,,No,No,Yes,Yes,Yes,Yes,Yes,No,No,No,No,No,No,No,,,Tube,,2026-07-17,Official Website (brand-level; verify exact product URL/ingredients per SKU)
ARM003,Arm & Hammer,PeroxiCare Healthy Gums,Church & Dwight,Toothpaste,https://www.armandhammer.com/products/toothpaste,USA,Sodium Fluoride,,Yes,Sodium Fluoride,,Yes,No,Yes,Yes,Yes,Yes,Yes,No,No,No,No,No,No,No,,,Tube,,2026-07-17,Official Website (brand-level; verify exact product URL/ingredients per SKU)
ARM004,Arm & Hammer,Truly Radiant Whitening Booster,Church & Dwight,Toothpaste,https://www.armandhammer.com/products/toothpaste,USA,Sodium Fluoride,,Yes,Sodium Fluoride,,Yes,No,Yes,No,No,Yes,Yes,No,No,No,No,No,No,No,,,Tube,,2026-07-17,Official Website (brand-level; verify exact product URL/ingredients per SKU)
ARM005,Arm & Hammer,Dental Care Baking Soda,Church & Dwight,Toothpaste,https://www.armandhammer.com/products/toothpaste,USA,Sodium Fluoride,,Yes,Sodium Fluoride,,No,No,Yes,No,No,No,Yes,No,No,No,No,No,No,No,,,Tube,,2026-07-17,Official Website (brand-level; verify exact product URL/ingredients per SKU)
ARM006,Arm & Hammer,Sensitive Teeth & Gum,Church & Dwight,Toothpaste,https://www.armandhammer.com/products/toothpaste,USA,Sodium Fluoride,,Yes,Sodium Fluoride,,No,Yes,Yes,Yes,No,No,Yes,No,No,No,No,No,No,No,,,Tube,,2026-07-17,Official Website (brand-level; verify exact product URL/ingredients per SKU)
ARM007,Arm & Hammer,Baking Soda Toothpaste Fresh Mint,Church & Dwight,Toothpaste,https://www.armandhammer.com/products/toothpaste,USA,Sodium Fluoride,,Yes,Sodium Fluoride,,No,No,Yes,No,No,Yes,Yes,No,No,No,No,No,No,No,,,Tube,,2026-07-17,Official Website (brand-level; verify exact product URL/ingredients per SKU)
ARM008,Arm & Hammer,Kids Spongebob Toothpaste,Church & Dwight,Toothpaste,https://www.armandhammer.com/products/toothpaste,USA,Sodium Fluoride,,Yes,Sodium Fluoride,,No,No,Yes,No,No,No,Yes,No,Yes,No,No,No,No,No,,,Tube,,2026-07-17,Official Website (brand-level; verify exact product URL/ingredients per SKU)
DRB001,Dr. Bronner's,All-One Toothpaste Peppermint,Dr. Bronner's,Toothpaste,https://www.drbronner.com/products/all-one-toothpaste/,USA,None,,No,None,,No,No,No,No,No,Yes,Yes,No,No,No,Yes,Yes,Yes,Yes,,,Tube,,2026-07-17,Official Website (brand-level; verify exact product URL/ingredients per SKU)
DRB002,Dr. Bronner's,All-One Toothpaste Cinnamon,Dr. Bronner's,Toothpaste,https://www.drbronner.com/products/all-one-toothpaste/,USA,None,,No,None,,No,No,No,No,No,Yes,Yes,No,No,No,Yes,Yes,Yes,Yes,,,Tube,,2026-07-17,Official Website (brand-level; verify exact product URL/ingredients per SKU)
DRB003,Dr. Bronner's,All-One Toothpaste Anise,Dr. Bronner's,Toothpaste,https://www.drbronner.com/products/all-one-toothpaste/,USA,None,,No,None,,No,No,No,No,No,Yes,Yes,No,No,No,Yes,Yes,Yes,Yes,,,Tube,,2026-07-17,Official Website (brand-level; verify exact product URL/ingredients per SKU)
DAV001,Davids,Premium Natural Toothpaste Peppermint,Davids Natural Toothpaste,Toothpaste,https://davids.com/collections/toothpaste,USA,Sodium Fluoride,,Yes,Sodium Fluoride,,No,No,Yes,No,No,Yes,Yes,No,No,No,No,Yes,Yes,Yes,,,Metal Tube,,2026-07-17,Official Website (brand-level; verify exact product URL/ingredients per SKU)
DAV002,Davids,Premium Natural Toothpaste Nourish,Davids Natural Toothpaste,Toothpaste,https://davids.com/collections/toothpaste,USA,None,,No,None,,No,No,No,Yes,No,Yes,Yes,No,No,No,No,Yes,Yes,Yes,,,Metal Tube,,2026-07-17,Official Website (brand-level; verify exact product URL/ingredients per SKU)
DAV003,Davids,Sensitive + Repair,Davids Natural Toothpaste,Toothpaste,https://davids.com/collections/toothpaste,USA,Sodium Fluoride,,Yes,Sodium Fluoride,,No,Yes,Yes,No,No,No,Yes,Yes,No,No,No,Yes,Yes,Yes,,,Metal Tube,,2026-07-17,Official Website (brand-level; verify exact product URL/ingredients per SKU)
DAV004,Davids,Whitening Peppermint,Davids Natural Toothpaste,Toothpaste,https://davids.com/collections/toothpaste,USA,Sodium Fluoride,,Yes,Sodium Fluoride,,Yes,No,Yes,No,No,Yes,Yes,No,No,No,No,Yes,Yes,Yes,,,Metal Tube,,2026-07-17,Official Website (brand-level; verify exact product URL/ingredients per SKU)
BOK001,Boka,Ela Mint Fluoride-Free Nano-Hydroxyapatite,Boka,Toothpaste,https://boka.com/collections/toothpaste,USA,None,,No,None,,No,Yes,No,No,No,Yes,Yes,Yes,No,No,No,No,Yes,Yes,,,Tube,,2026-07-17,Official Website (brand-level; verify exact product URL/ingredients per SKU)
BOK002,Boka,Classic Mint Nano-Hydroxyapatite,Boka,Toothpaste,https://boka.com/collections/toothpaste,USA,None,,No,None,,No,Yes,No,No,No,Yes,Yes,Yes,No,No,No,No,Yes,Yes,,,Tube,,2026-07-17,Official Website (brand-level; verify exact product URL/ingredients per SKU)
BOK003,Boka,Kids Ela Mint Fluoride-Free,Boka,Toothpaste,https://boka.com/collections/toothpaste,USA,None,,No,None,,No,No,No,No,No,No,Yes,Yes,Yes,No,No,No,Yes,Yes,,,Tube,,2026-07-17,Official Website (brand-level; verify exact product URL/ingredients per SKU)
BOK004,Boka,Whitening Charcoal Nano-Hydroxyapatite,Boka,Toothpaste,https://boka.com/collections/toothpaste,USA,None,,No,None,,Yes,No,No,No,No,Yes,Yes,Yes,No,Yes,No,No,Yes,Yes,,,Tube,,2026-07-17,Official Website (brand-level; verify exact product URL/ingredients per SKU)
